{"RuleTriggered": 1, "Violations": 2, "Details": {"pin_memory": false, "num_workers": 4, "cores": 8, "dataloaders": 4, "dataloading_time": {"p25": 3.590453, "p50": 4.976405, "p95": 9.41884395, "probs": [7, 0, 0, 0, 2, 1, 0, 0, 0, 0, 0, 0, 0, 0, 0, 0, 0, 0, 0, 0, 0, 0, 0, 0, 0, 0, 5, 23, 0, 0, 2, 2, 0, 0, 0, 0, 0, 16, 8, 6, 2, 4, 4, 0, 0, 0, 0, 0, 0, 0, 0, 0, 0, 0, 0, 0, 0, 0, 0, 0, 0, 0, 0, 0, 0, 0, 0, 0, 0, 0, 0, 4, 0, 0, 0, 0, 0, 0, 0, 0, 0, 0, 0, 0, 0, 0, 0, 0, 0, 0, 0, 0, 0, 0, 0, 0, 0, 0, 0, 4], "binedges": [4.6e-05, 0.13213981, 0.26423362, 0.39632743000000004, 0.52842124, 0.66051505, 0.7926088600000001, 0.9247026700000001, 1.05679648, 1.18889029, 1.3209841, 1.45307791, 1.5851717200000002, 1.7172655300000002, 1.8493593400000001, 1.98145315, 2.1135469600000003, 2.2456407700000005, 2.3777345800000003, 2.5098283900000005, 2.6419222, 2.7740160100000004, 2.90610982, 3.0382036300000004, 3.1702974400000006, 3.3023912500000003, 3.4344850600000005, 3.5665788700000003, 3.6986726800000005, 3.8307664900000002, 3.9628603000000004, 4.094954110000001, 4.22704792, 4.35914173, 4.491235540000001, 4.623329350000001, 4.75542316, 4.88751697, 5.019610780000001, 5.1517045900000005, 5.2837984, 5.415892210000001, 5.547986020000001, 5.68007983, 5.81217364, 5.944267450000001, 6.0763612600000005, 6.20845507, 6.340548880000001, 6.472642690000001, 6.6047365000000005, 6.73683031, 6.868924120000001, 7.001017930000001, 7.13311174, 7.26520555, 7.397299360000001, 7.5293931700000005, 7.66148698, 7.793580790000001, 7.925674600000001, 8.05776841, 8.18986222, 8.321956029999999, 8.45404984, 8.58614365, 8.71823746, 8.85033127, 8.98242508, 9.11451889, 9.2466127, 9.378706509999999, 9.51080032, 9.64289413, 9.774987939999999, 9.90708175, 10.03917556, 10.17126937, 10.30336318, 10.43545699, 10.5675508, 10.69964461, 10.83173842, 10.96383223, 11.09592604, 11.228019849999999, 11.36011366, 11.49220747, 11.62430128, 11.75639509, 11.8884889, 12.02058271, 12.15267652, 12.28477033, 12.41686414, 12.54895795, 12.68105176, 12.81314557, 12.94523938, 13.07733319, 13.209427]}}, "Datapoints": 90, "RuleParameters": "min_threshold:70\nmax_threshold:200"}