{"RuleTriggered": 1, "Violations": 2, "Details": {"pin_memory": false, "num_workers": 4, "cores": 8, "dataloaders": 4, "dataloading_time": {"p25": 3.97681925, "p50": 4.137911, "p95": 6.4804366, "probs": [8, 1, 1, 0, 0, 0, 0, 0, 0, 0, 0, 0, 0, 0, 0, 0, 0, 0, 0, 8, 29, 3, 0, 0, 0, 0, 0, 0, 0, 8, 12, 4, 16, 0, 0, 0, 0, 0, 0, 0, 0, 0, 0, 0, 0, 0, 0, 0, 0, 0, 0, 0, 0, 0, 0, 0, 0, 0, 0, 0, 0, 0, 0, 0, 0, 0, 0, 0, 0, 0, 0, 0, 0, 0, 0, 0, 0, 0, 0, 0, 0, 0, 0, 0, 0, 0, 0, 0, 0, 0, 0, 0, 0, 0, 0, 0, 0, 0, 0, 4], "binedges": [4.8e-05, 0.19698368, 0.39391936, 0.5908550400000001, 0.78779072, 0.9847264, 1.1816620800000002, 1.3785977600000001, 1.57553344, 1.77246912, 1.9694048, 2.16634048, 2.3632761600000003, 2.56021184, 2.75714752, 2.9540832, 3.15101888, 3.3479545600000002, 3.54489024, 3.74182592, 3.9387616, 4.13569728, 4.33263296, 4.52956864, 4.72650432, 4.923439999999999, 5.1203756799999995, 5.31731136, 5.51424704, 5.71118272, 5.908118399999999, 6.1050540799999995, 6.30198976, 6.49892544, 6.69586112, 6.892796799999999, 7.0897324799999994, 7.28666816, 7.48360384, 7.68053952, 7.877475199999999, 8.07441088, 8.27134656, 8.468282239999999, 8.66521792, 8.8621536, 9.05908928, 9.25602496, 9.45296064, 9.64989632, 9.846832, 10.04376768, 10.24070336, 10.43763904, 10.63457472, 10.831510399999999, 11.02844608, 11.22538176, 11.42231744, 11.61925312, 11.816188799999999, 12.01312448, 12.21006016, 12.40699584, 12.60393152, 12.800867199999999, 12.99780288, 13.19473856, 13.39167424, 13.58860992, 13.785545599999999, 13.98248128, 14.17941696, 14.37635264, 14.57328832, 14.770223999999999, 14.96715968, 15.16409536, 15.36103104, 15.55796672, 15.754902399999999, 15.95183808, 16.14877376, 16.34570944, 16.54264512, 16.7395808, 16.936516479999998, 17.13345216, 17.33038784, 17.52732352, 17.7242592, 17.921194879999998, 18.11813056, 18.31506624, 18.51200192, 18.7089376, 18.90587328, 19.10280896, 19.29974464, 19.49668032, 19.693616]}}, "Datapoints": 94, "RuleParameters": "min_threshold:70\nmax_threshold:200"}