{"RuleTriggered": 0, "Violations": 0, "Details": {"ratio": {"cpu_functions": 100.0}, "phase": {"Step:ModeKeys.GLOBAL": 94.77591403566619, "others": 5.224085964333811}, "phase_time": {}, "CPU": {"aten::conv2d": 18.540777268599555, "aten::convolution": 18.53736519839375, "aten::_convolution": 18.53437529116829, "aten::mkldnn_convolution": 18.525961831301288, "aten::batch_norm": 5.651118354434528, "aten::_batch_norm_impl_index": 5.64480080959933, "aten::native_batch_norm": 5.638848311576543, "aten::max_pool2d": 2.8191720996558924, "aten::max_pool2d_with_indices": 2.7298026800296644, "enumerate(DataLoader)#_MultiProcessingDataLoaderIter.__next__": 3.3777781552411485}, "CPU_total": {"aten::conv2d": 7466150, "aten::convolution": 7464776, "aten::_convolution": 7463572, "aten::mkldnn_convolution": 7460184, "aten::batch_norm": 2275638, "aten::_batch_norm_impl_index": 2273094, "aten::native_batch_norm": 2270697, "aten::max_pool2d": 1135247, "aten::max_pool2d_with_indices": 1099259, "enumerate(DataLoader)#_MultiProcessingDataLoaderIter.__next__": 1360191}, "general": {"DataLoaderIterInitialize": 0.23824780703282622, "DataLoaderIter": 0.38417763067672783, "Forward": 16.575768539869348, "DataLoaderWorker": 82.8018060224211}}, "Datapoints": 0, "RuleParameters": ""}