{"RuleTriggered": 0, "Violations": 0, "Details": {"ratio": {"cpu_functions": 100.0}, "phase": {"Step:ModeKeys.GLOBAL": 96.38089074977329, "others": 3.6191092502267144}, "phase_time": {}, "CPU": {"aten::conv2d": 19.536903472732266, "aten::convolution": 19.531509628855428, "aten::_convolution": 19.526706659894682, "aten::mkldnn_convolution": 19.513736955486614, "aten::batch_norm": 5.358264765816434, "aten::_batch_norm_impl_index": 5.349929208964519, "aten::native_batch_norm": 5.3416527396042115, "aten::max_pool2d": 2.9608024554060375, "aten::max_pool2d_with_indices": 2.880494113239828}, "CPU_total": {"aten::conv2d": 4629011, "aten::convolution": 4627733, "aten::_convolution": 4626595, "aten::mkldnn_convolution": 4623522, "aten::batch_norm": 1269570, "aten::_batch_norm_impl_index": 1267595, "aten::native_batch_norm": 1265634, "aten::max_pool2d": 701523, "aten::max_pool2d_with_indices": 682495}, "general": {"DataLoaderIterInitialize": 0.18129240235817684, "DataLoaderIter": 0.15804889222340365, "Forward": 18.141599767749593, "DataLoaderWorker": 81.51905893766882}}, "Datapoints": 0, "RuleParameters": ""}