{"RuleTriggered": 0, "Violations": 0, "Details": {"step_details": {"algo-1-26": {"step_stats": {"mean": 0.8410491015625, "max": 2.740502, "p99": 2.71449547, "p95": 2.4189620999999977, "p50": 0.7523975, "min": 0.383425}, "number_of_outliers": 7, "phase": "Step:ModeKeys.GLOBAL", "stddev": 0.47, "probs": [2, 2, 1, 0, 1, 3, 3, 0, 0, 1, 1, 9, 8, 2, 3, 3, 3, 3, 5, 15, 8, 7, 19, 3, 1, 1, 1, 4, 3, 1, 2, 2, 1, 2, 0, 0, 0, 0, 0, 0, 0, 0, 0, 0, 0, 0, 0, 0, 0, 0, 0, 0, 0, 0, 0, 0, 0, 0, 0, 0, 0, 0, 0, 0, 0, 0, 0, 0, 0, 0, 0, 0, 0, 0, 0, 0, 0, 0, 0, 0, 0, 0, 0, 0, 0, 0, 0, 0, 0, 0, 0, 0, 0, 0, 0, 0, 0, 0, 0, 1], "binedges": [0.383425, 0.40193493, 0.42044486000000003, 0.43895479000000004, 0.45746472, 0.47597465, 0.49448458, 0.51299451, 0.53150444, 0.55001437, 0.5685243, 0.58703423, 0.60554416, 0.62405409, 0.64256402, 0.66107395, 0.67958388, 0.69809381, 0.71660374, 0.7351136699999999, 0.7536236, 0.77213353, 0.79064346, 0.80915339, 0.82766332, 0.8461732499999999, 0.8646831799999999, 0.8831931099999999, 0.9017030399999999, 0.9202129699999999, 0.9387228999999999, 0.9572328299999999, 0.9757427599999999, 0.9942526899999999, 1.01276262, 1.03127255, 1.04978248, 1.06829241, 1.0868023399999998, 1.1053122699999998, 1.1238221999999998, 1.1423321299999998, 1.1608420599999998, 1.1793519899999998, 1.1978619199999998, 1.2163718499999998, 1.2348817799999998, 1.2533917099999998, 1.2719016399999998, 1.2904115699999998, 1.3089214999999998, 1.3274314299999999, 1.3459413599999999, 1.3644512899999999, 1.3829612199999999, 1.4014711499999999, 1.41998108, 1.43849101, 1.45700094, 1.47551087, 1.4940208, 1.51253073, 1.53104066, 1.54955059, 1.56806052, 1.58657045, 1.60508038, 1.62359031, 1.64210024, 1.66061017, 1.6791201, 1.69763003, 1.71613996, 1.73464989, 1.75315982, 1.7716697499999996, 1.7901796799999996, 1.8086896099999996, 1.8271995399999996, 1.8457094699999996, 1.8642193999999996, 1.8827293299999996, 1.9012392599999997, 1.9197491899999997, 1.9382591199999997, 1.9567690499999997, 1.9752789799999997, 1.9937889099999997, 2.0122988399999997, 2.0308087699999997, 2.0493186999999997, 2.0678286299999997, 2.0863385599999997, 2.1048484899999997, 2.1233584199999997, 2.1418683499999998, 2.1603782799999998, 2.1788882099999998, 2.1973981399999998, 2.21590807, 2.234418], "step_numbers": ["1", "2", "3", "4", "5", "6", "8"]}}}, "Datapoints": 128, "RuleParameters": "threshold:3\nmode:None\nn_outliers:10\nstddev:3"}